<?xml version="1.0" encoding="UTF-8" ?>
<!DOCTYPE mapper PUBLIC "-//mybatis.org//DTD Mapper 3.0//EN"
        "http://mybatis.org/dtd/mybatis-3-mapper.dtd">

<mapper namespace="com.bookstore.admin.notices.dao.IAdminNoticeDao">

    <select id="selectNotices" resultType="Notice">
        select * from notice
    </select>

    <insert id="insertNotice">
        insert into notice (title,details) values (#{title},#{details})
    </insert>

    <select id="selectNoticeById" resultType="Notice">
        select * from notice where n_id = #{id}
    </select>

    <update id="updateNotice">
        update notice
        set title = #{title},details = #{details} where n_id = #{n_id}
        <!--<set>
            <if test="title != null and title != ''">
                title = #{title},
            </if>
            <if test="details != null and details != ''">
                details = #{details}
            </if>
        </set>
        <where>
            n_id = #{n_id}
        </where>-->
    </update>

    <delete id="deleteNotice">
        delete from notice where n_id = #{id}
    </delete>

</mapper>