<?xml version="1.0" encoding="UTF-8"?>
<beans xmlns="http://www.springframework.org/schema/beans"
       xmlns:xsi="http://www.w3.org/2001/XMLSchema-instance"
       xsi:schemaLocation="http://www.springframework.org/schema/beans
       http://www.springframework.org/schema/beans/spring-beans.xsd">

    <!--注册sqlSessionFactory-->
    <bean id="mySqlSessionFactory" class="org.mybatis.spring.SqlSessionFactoryBean">
        <property name="dataSource" ref="myDataSource"/>
        <property name="configLocation" value="classpath:mybatis.xml"/>
    </bean>


    <!--生成dao接口的动态代理-->
    <bean class="org.mybatis.spring.mapper.MapperScannerConfigurer">
        <property name="basePackage" value="com.bookstore.**.dao"/>
        <property name="sqlSessionFactoryBeanName" value="mySqlSessionFactory"/>
    </bean>
</beans>