<?xml version="1.0" encoding="UTF-8"?>
<beans xmlns="http://www.springframework.org/schema/beans"
       xmlns:xsi="http://www.w3.org/2001/XMLSchema-instance"
       xmlns:context="http://www.springframework.org/schema/context"
       xmlns:mvc="http://www.springframework.org/schema/mvc"
       xsi:schemaLocation="http://www.springframework.org/schema/beans
       http://www.springframework.org/schema/beans/spring-beans.xsd
       http://www.springframework.org/schema/context
       https://www.springframework.org/schema/context/spring-context.xsd
       http://www.springframework.org/schema/mvc
       https://www.springframework.org/schema/mvc/spring-mvc.xsd">
    <!--注册组件扫描，扫描所有handler包下的注册@Controller-->
    <context:component-scan base-package="com.bookstore.**.handler"/>

    <!--组件驱动-->
    <mvc:annotation-driven/>

    <!--处理静态资源-->
    <mvc:default-servlet-handler/>

    <!--Multipart解析器-->
    <bean id="multipartResolver" class="org.springframework.web.multipart.commons.CommonsMultipartResolver"></bean>

    <!--拦截器配置-->
    <mvc:interceptors>
        <mvc:interceptor>
            <mvc:mapping path="/admin/**"/>
            <mvc:exclude-mapping path="/admin/images/**"/>
            <mvc:exclude-mapping path="/admin/css/**"/>
            <mvc:exclude-mapping path="/admin/js/**"/>
            <mvc:exclude-mapping path="/admin/jquery/**"/>
            <bean class="com.bookstore.admin.Interceptor.LoginInterceptor"/>
        </mvc:interceptor>
    </mvc:interceptors>

    <!--异常解析器-->
    <!--<bean class="org.springframework.web.servlet.handler.SimpleMappingExceptionResolver">
        &lt;!&ndash;异常视图&ndash;&gt;
        <property name="defaultErrorView" value="/jsp/error.jsp"/>
        &lt;!&ndash;异常信息&ndash;&gt;
        <property name="exceptionAttribute" value="ex"/>
        &lt;!&ndash;&lt;!&ndash;异常类型配置&ndash;&gt;
        <property name="exceptionMappings">
            <props>
                <prop key="AAAA">/jsp/aaa.jsp</prop>
                <prop key="BBBB">/jsp/bbb.jsp</prop>
            </props>
        </property>&ndash;&gt;
    </bean>-->

</beans>